solver,heuristic,sub_defn,ext_freq,window_size,max_new_ev,force_branch,problem,restarts,conflicts,decisions,propagations,conf_lits,num_ev,ev_decisions,ev_conflicts,ev_learnt,total_lbd,mem_used,cpu_time,er_time,satisfiability
maplesat_static_none,none,N/A,N/A,N/A,N/A,N/A,verification/zipcpu-busdelay-p46.aig_unroll20_maplesat_preprocess,94,25770,40764,2384634,682840,0,0,0,0,284261,12,1.25569,0,UNSATISFIABLE
maplesat_static_none,none,N/A,N/A,N/A,N/A,N/A,verification/zipcpu-busdelay-p36.aig_unroll22_maplesat_preprocess,254,87856,132648,7498146,2556822,0,0,0,0,1073618,23,7.7744,0,UNSATISFIABLE
maplesat_static_none,none,N/A,N/A,N/A,N/A,N/A,verification/VexRiscv-regch0-20-p1.aig_unroll22_maplesat_preprocess,990,405766,5075641,165251103,9888137,0,0,0,0,5104282,139,72.9841,0,UNSATISFIABLE
maplesat_static_none,none,N/A,N/A,N/A,N/A,N/A,verification/dspfilters_fastfir_second-p07.aig_unroll20_maplesat_preprocess,131,45347,181361,160368613,1103443,0,0,0,0,428882,66,60.9349,0,UNSATISFIABLE
maplesat_static_none,none,N/A,N/A,N/A,N/A,N/A,verification/dspfilters_fastfir_second-p45.aig_unroll22_maplesat_preprocess,1914,881145,4353225,2677589480,58441085,0,0,0,0,12815272,313,1040.08,0,UNSATISFIABLE
maplesat_static_none,none,N/A,N/A,N/A,N/A,N/A,php08,31,7017,8017,94880,99271,0,0,0,0,50787,11,0.138942,0,UNSATISFIABLE
maplesat_static_none,none,N/A,N/A,N/A,N/A,N/A,php09,109,29912,33473,404796,533822,0,0,0,0,266410,13,1.21855,0,UNSATISFIABLE
maplesat_static_none,none,N/A,N/A,N/A,N/A,N/A,php10,205,67247,74335,846008,1509059,0,0,0,0,697143,24,4.78495,0,UNSATISFIABLE
maplesat_static_none,none,N/A,N/A,N/A,N/A,N/A,php11,511,209262,230814,3109991,5868896,0,0,0,0,2441466,63,36.4463,0,UNSATISFIABLE
maplesat_static_none,none,N/A,N/A,N/A,N/A,N/A,php12,1021,434257,474962,5748425,15099994,0,0,0,0,5746534,154,174.635,0,UNSATISFIABLE
maplesat_static_none,none,N/A,N/A,N/A,N/A,N/A,php13,2557,1326905,1436432,17667423,50986048,0,0,0,0,19658914,397,1230.65,0,UNSATISFIABLE
maplesat_static_none,none,N/A,N/A,N/A,N/A,N/A,php14,5345,3048131,3311442,39918248,127385149,0,0,0,0,51407252,893,4049.14,0,UNSATISFIABLE
maplesat_static_none,none,N/A,N/A,N/A,N/A,N/A,php15,5628,3171347,3459932,49287064,148702446,0,0,0,0,55575622,1259,4944.98,0,INDETERMINATE
maplesat_static_none,none,N/A,N/A,N/A,N/A,N/A,php16,5627,3163819,3472670,56378020,220303835,0,0,0,0,54947495,1270,4937.42,0,INDETERMINATE
maplesat_static_none,none,N/A,N/A,N/A,N/A,N/A,php17,5117,2900668,3209050,53768826,208429210,0,0,0,0,54123304,1434,4935.55,0,INDETERMINATE
maplesat_static_none,none,N/A,N/A,N/A,N/A,N/A,php18,6141,3452874,3789524,61993998,272299560,0,0,0,0,69297940,1865,4938.24,0,INDETERMINATE
maplesat_static_none,none,N/A,N/A,N/A,N/A,N/A,php19,6140,3423332,3736590,68558791,311212272,0,0,0,0,70005033,1808,4937.83,0,INDETERMINATE
maplesat_static_none,none,N/A,N/A,N/A,N/A,N/A,php20,5189,2995804,3315595,65234057,315101589,0,0,0,0,64562206,1903,4938.31,0,INDETERMINATE
maplesat_static_none,none,N/A,N/A,N/A,N/A,N/A,rand426_150,22,4315,5175,128802,35556,0,0,0,0,25280,11,0.067019,0,UNSATISFIABLE
maplesat_static_none,none,N/A,N/A,N/A,N/A,N/A,rand426_200,49,11586,13945,416693,114958,0,0,0,0,78429,11,0.324234,0,UNSATISFIABLE
maplesat_static_none,none,N/A,N/A,N/A,N/A,N/A,rand426_250,318,121130,141309,4885908,1515306,0,0,0,0,1025089,26,11.4128,0,UNSATISFIABLE
maplesat_static_none,none,N/A,N/A,N/A,N/A,N/A,rand426_300,970,399733,463502,18824862,5556422,0,0,0,0,3666400,42,56.8243,0,UNSATISFIABLE
maplesat_static_none,none,N/A,N/A,N/A,N/A,N/A,rand426_350,2813,1461304,1683860,73412523,22584474,0,0,0,0,14693265,156,696.805,0,UNSATISFIABLE
maplesat_static_rnd_rep0_force0_2000_20_1,rnd,0,2000,20,1,0,verification/zipcpu-busdelay-p46.aig_unroll20_maplesat_preprocess,97,27670,42439,2614387,755321,10,0,0,0,314146,13,1.5678,0.010493,UNSATISFIABLE
maplesat_static_rnd_rep0_force0_2000_20_1,rnd,0,2000,20,1,0,verification/zipcpu-busdelay-p36.aig_unroll22_maplesat_preprocess,254,88320,132497,7380130,2610550,22,0,0,0,1110567,23,7.80321,0.087695,UNSATISFIABLE
maplesat_static_rnd_rep0_force0_2000_20_1,rnd,0,2000,20,1,0,verification/VexRiscv-regch0-20-p1.aig_unroll22_maplesat_preprocess,987,404350,5001973,163582236,9629259,104,0,0,0,5032480,119,69.9366,3.94244,UNSATISFIABLE
maplesat_static_rnd_rep0_force0_2000_20_1,rnd,0,2000,20,1,0,verification/dspfilters_fastfir_second-p07.aig_unroll20_maplesat_preprocess,137,46413,176154,170698070,1161948,15,0,0,0,448140,66,35.1378,0.335811,UNSATISFIABLE
maplesat_static_rnd_rep0_force0_2000_20_1,rnd,0,2000,20,1,0,verification/dspfilters_fastfir_second-p45.aig_unroll22_maplesat_preprocess,1789,843898,4215381,2525991717,53406222,143,0,0,0,11698656,313,1558.44,15.2591,UNSATISFIABLE
maplesat_static_rnd_rep0_force0_2000_20_1,rnd,0,2000,20,1,0,php08,31,7017,8017,96202,99271,3,0,0,0,50787,11,0.165281,0.000805,UNSATISFIABLE
maplesat_static_rnd_rep0_force0_2000_20_1,rnd,0,2000,20,1,0,php09,109,29912,33473,440867,533822,12,0,0,0,266410,12,1.29455,0.008878,UNSATISFIABLE
maplesat_static_rnd_rep0_force0_2000_20_1,rnd,0,2000,20,1,0,php10,205,67247,74335,882906,1509059,22,0,0,0,697143,24,4.80669,0.031977,UNSATISFIABLE
maplesat_static_rnd_rep0_force0_2000_20_1,rnd,0,2000,20,1,0,php11,511,209262,230814,3909823,5868896,56,0,0,0,2441466,63,35.9604,0.342707,UNSATISFIABLE
maplesat_static_rnd_rep0_force0_2000_20_1,rnd,0,2000,20,1,0,php12,1023,488572,533576,8977362,17030113,106,0,0,0,6365580,163,170.874,2.08541,UNSATISFIABLE
maplesat_static_rnd_rep0_force0_2000_20_1,rnd,0,2000,20,1,0,php13,2748,1422111,1550080,36993845,55252279,230,0,0,0,21623842,738,1230.42,22.6492,UNSATISFIABLE
maplesat_static_rnd_rep0_force0_2000_20_1,rnd,0,2000,20,1,0,php14,5666,3214972,3500745,132021942,135237856,237,0,0,0,53371145,1243,4943.98,129.792,INDETERMINATE
maplesat_static_rnd_rep0_force0_2000_20_1,rnd,0,2000,20,1,0,php15,6141,3481918,3782629,129830858,176945812,328,0,0,0,60252682,1345,4939.21,153.053,INDETERMINATE
maplesat_static_rnd_rep0_force0_2000_20_1,rnd,0,2000,20,1,0,php16,6142,3542907,3887841,150315005,232130772,367,0,0,0,62090094,1906,4937.86,161.051,INDETERMINATE
maplesat_static_rnd_rep0_force0_2000_20_1,rnd,0,2000,20,1,0,php17,6141,3443574,3808973,151290508,234817302,409,0,0,0,66667969,1837,4936.39,181.568,INDETERMINATE
maplesat_static_rnd_rep0_force0_2000_20_1,rnd,0,2000,20,1,0,php18,5373,3075783,3369384,116657639,247828800,416,0,0,0,59983037,1877,4935.42,132.631,INDETERMINATE
maplesat_static_rnd_rep0_force0_2000_20_1,rnd,0,2000,20,1,0,php19,6141,3476021,3865740,154835647,323293948,459,0,0,0,73344280,1877,4933.68,183.145,INDETERMINATE
maplesat_static_rnd_rep0_force0_2000_20_1,rnd,0,2000,20,1,0,php20,7164,4039278,4417119,191303215,388005691,188,0,0,0,87274506,2746,4935.85,232.555,INDETERMINATE
maplesat_static_rnd_rep0_force0_2000_20_1,rnd,0,2000,20,1,0,rand426_150,22,4315,5175,129305,35556,2,0,0,0,25280,11,0.069629,0.000438,UNSATISFIABLE
maplesat_static_rnd_rep0_force0_2000_20_1,rnd,0,2000,20,1,0,rand426_200,49,11586,13945,420170,114958,5,0,0,0,78429,11,0.339642,0.002204,UNSATISFIABLE
maplesat_static_rnd_rep0_force0_2000_20_1,rnd,0,2000,20,1,0,rand426_250,318,121130,141309,5242550,1515306,40,0,0,0,1025089,26,11.402,0.128441,UNSATISFIABLE
maplesat_static_rnd_rep0_force0_2000_20_1,rnd,0,2000,20,1,0,rand426_300,970,399733,463502,22235278,5556422,121,0,0,0,3666400,49,59.8789,0.896491,UNSATISFIABLE
maplesat_static_rnd_rep0_force0_2000_20_1,rnd,0,2000,20,1,0,rand426_350,2813,1461304,1683860,106261243,22584474,301,0,0,0,14693265,181,687.999,14.011,UNSATISFIABLE
maplesat_static_rnd_rep0_force1_2000_20_1,rnd,0,2000,20,1,1,verification/zipcpu-busdelay-p46.aig_unroll20_maplesat_preprocess,85,23640,37349,2199297,625266,9,33,3054,1473,246582,12,1.16842,0.009211,UNSATISFIABLE
maplesat_static_rnd_rep0_force1_2000_20_1,rnd,0,2000,20,1,1,verification/zipcpu-busdelay-p36.aig_unroll22_maplesat_preprocess,255,97302,147671,8546339,2858557,21,111,9309,4342,1235747,31,9.52228,0.100084,UNSATISFIABLE
maplesat_static_rnd_rep0_force1_2000_20_1,rnd,0,2000,20,1,1,verification/VexRiscv-regch0-20-p1.aig_unroll22_maplesat_preprocess,1017,411148,5139183,172237344,10273382,56,2332,6024,2677,5097410,95,77.4165,2.85023,UNSATISFIABLE
maplesat_static_rnd_rep0_force1_2000_20_1,rnd,0,2000,20,1,1,verification/dspfilters_fastfir_second-p07.aig_unroll20_maplesat_preprocess,136,46231,171284,168056586,1200628,15,69,722,372,455620,66,38.0376,0.3256,UNSATISFIABLE
maplesat_static_rnd_rep0_force1_2000_20_1,rnd,0,2000,20,1,1,verification/dspfilters_fastfir_second-p45.aig_unroll22_maplesat_preprocess,1953,899622,3931042,3005721714,60769593,45,6794,171787,57414,13799831,417,770.873,18.1841,UNSATISFIABLE
maplesat_static_rnd_rep0_force1_2000_20_1,rnd,0,2000,20,1,1,php08,31,6898,7890,93579,95700,3,9,538,299,49493,11,0.151563,0.000778,UNSATISFIABLE
maplesat_static_rnd_rep0_force1_2000_20_1,rnd,0,2000,20,1,1,php09,112,30836,34428,438209,587837,13,52,7469,2541,271693,14,1.60962,0.010394,UNSATISFIABLE
maplesat_static_rnd_rep0_force1_2000_20_1,rnd,0,2000,20,1,1,php10,318,119441,131890,1662031,2831036,36,325,44561,17890,1290120,38,16.0902,0.122243,UNSATISFIABLE
maplesat_static_rnd_rep0_force1_2000_20_1,rnd,0,2000,20,1,1,php11,1450,670790,732264,14204623,19987759,134,3444,439518,156175,8206668,201,361.852,3.56153,UNSATISFIABLE
maplesat_static_rnd_rep0_force1_2000_20_1,rnd,0,2000,20,1,1,php12,4089,2056791,2243965,75896864,75731873,207,20719,2537457,847693,28166051,590,4947.82,45.8034,INDETERMINATE
maplesat_static_rnd_rep0_force1_2000_20_1,rnd,0,2000,20,1,1,php13,3816,1947638,2167678,92704095,87767605,234,25342,3360725,1053936,30267116,797,4942.05,57.9701,INDETERMINATE
maplesat_static_rnd_rep0_force1_2000_20_1,rnd,0,2000,20,1,1,php14,5228,3006419,3347807,174629289,152514241,285,41681,4558839,1546515,49044080,1301,4943.63,101.799,INDETERMINATE
maplesat_static_rnd_rep0_force1_2000_20_1,rnd,0,2000,20,1,1,php15,5117,2903386,3272517,177481155,184642323,325,43929,5908956,1867155,55889830,1315,4940.5,107.308,INDETERMINATE
maplesat_static_rnd_rep0_force1_2000_20_1,rnd,0,2000,20,1,1,php16,5118,2953639,3338591,152456651,220913889,342,38570,4057198,1489825,60417249,1342,4938.55,122.872,INDETERMINATE
maplesat_static_rnd_rep0_force1_2000_20_1,rnd,0,2000,20,1,1,php17,4604,2650960,3003600,133345292,214689841,368,34223,4624353,1537068,55109202,1296,4936.64,115.076,INDETERMINATE
maplesat_static_rnd_rep0_force1_2000_20_1,rnd,0,2000,20,1,1,php18,5467,3104680,3531589,184112602,277568464,423,38014,6526368,1961574,68130362,1889,4933.96,177.23,INDETERMINATE
maplesat_static_rnd_rep0_force1_2000_20_1,rnd,0,2000,20,1,1,php19,5629,3193353,3651747,207853405,313636508,447,39583,6240847,1923675,73448274,1957,4932.8,194.117,INDETERMINATE
maplesat_static_rnd_rep0_force1_2000_20_1,rnd,0,2000,20,1,1,php20,6655,3822620,4341053,178282896,402114919,172,33576,5301647,1927883,88038318,2825,4930.12,225.047,INDETERMINATE
maplesat_static_rnd_rep0_force1_2000_20_1,rnd,0,2000,20,1,1,rand426_150,23,4488,5363,134392,36770,2,4,53,32,26246,11,0.093925,0.000516,UNSATISFIABLE
maplesat_static_rnd_rep0_force1_2000_20_1,rnd,0,2000,20,1,1,rand426_200,62,14775,17623,525581,150898,7,37,3462,1152,103379,12,0.477396,0.003793,UNSATISFIABLE
maplesat_static_rnd_rep0_force1_2000_20_1,rnd,0,2000,20,1,1,rand426_250,445,165788,192529,7243983,2218343,53,532,91537,27593,1433973,28,23.6147,0.243215,UNSATISFIABLE
maplesat_static_rnd_rep0_force1_2000_20_1,rnd,0,2000,20,1,1,rand426_300,3568,1819874,2037402,130245566,34350972,200,27954,5159528,925369,18052661,471,2197.95,24.63,UNSATISFIABLE
maplesat_static_rnd_rep0_force1_2000_20_1,rnd,0,2000,20,1,1,rand426_350,4349,2548009,2948922,212859781,52504715,284,46077,5518371,1462602,30707849,495,4945.66,36.8256,INDETERMINATE
maplesat_static_rnd_rep1_force0_2000_20_1,rnd,1,2000,20,1,0,verification/zipcpu-busdelay-p46.aig_unroll20_maplesat_preprocess,69,19953,31981,1835889,514790,8,0,0,0,213198,12,1.10586,0.093499,UNSATISFIABLE
maplesat_static_rnd_rep1_force0_2000_20_1,rnd,1,2000,20,1,0,verification/zipcpu-busdelay-p36.aig_unroll22_maplesat_preprocess,253,83291,124626,7098190,2229429,20,0,0,0,978057,29,8.36936,0.56499,UNSATISFIABLE
maplesat_static_rnd_rep1_force0_2000_20_1,rnd,1,2000,20,1,0,verification/VexRiscv-regch0-20-p1.aig_unroll22_maplesat_preprocess,1018,413046,5101860,166219965,9982263,82,9,150,111,5155162,140,77.6684,7.3478,UNSATISFIABLE
maplesat_static_rnd_rep1_force0_2000_20_1,rnd,1,2000,20,1,0,verification/dspfilters_fastfir_second-p07.aig_unroll20_maplesat_preprocess,152,49672,198847,182926044,1179134,17,0,0,0,484536,66,64.7083,0.73898,UNSATISFIABLE
maplesat_static_rnd_rep1_force0_2000_20_1,rnd,1,2000,20,1,0,verification/dspfilters_fastfir_second-p45.aig_unroll22_maplesat_preprocess,1803,848232,4055274,2577606736,52080069,140,0,0,0,12300718,311,748.282,30.1967,UNSATISFIABLE
maplesat_static_rnd_rep1_force0_2000_20_1,rnd,1,2000,20,1,0,php08,30,6289,7187,85780,88709,2,1,1612,481,47238,11,0.116969,0.01383,UNSATISFIABLE
maplesat_static_rnd_rep1_force0_2000_20_1,rnd,1,2000,20,1,0,php09,93,25585,28597,347056,472000,10,53,24323,8058,224275,13,1.13669,0.098363,UNSATISFIABLE
maplesat_static_rnd_rep1_force0_2000_20_1,rnd,1,2000,20,1,0,php10,251,78438,86903,1100271,1768891,26,538,138900,31110,812578,23,7.96454,0.53184,UNSATISFIABLE
maplesat_static_rnd_rep1_force0_2000_20_1,rnd,1,2000,20,1,0,php11,555,240828,264235,4774138,6747757,57,3498,895024,143706,2946753,65,46.1662,2.88104,UNSATISFIABLE
maplesat_static_rnd_rep1_force0_2000_20_1,rnd,1,2000,20,1,0,php12,1022,437411,475614,9329421,14020910,92,7488,2186287,324877,5556483,143,145.314,8.50168,UNSATISFIABLE
maplesat_static_rnd_rep1_force0_2000_20_1,rnd,1,2000,20,1,0,php13,3784,1938488,2105491,58760808,74806814,202,11772,12168512,1516795,28564016,558,2217.64,124.917,UNSATISFIABLE
maplesat_static_rnd_rep1_force0_2000_20_1,rnd,1,2000,20,1,0,php14,5625,3157835,3434229,134689708,141429913,227,19203,21153836,2492772,52349963,1049,4026.51,223.346,UNSATISFIABLE
maplesat_static_rnd_rep1_force0_2000_20_1,rnd,1,2000,20,1,0,php15,8037,4465212,4887090,276819357,269186921,363,19311,35582557,3913813,73058847,1831,4722.66,530.527,INDETERMINATE
maplesat_static_rnd_rep1_force0_2000_20_1,rnd,1,2000,20,1,0,php16,6142,3541192,3859077,171821492,233040610,381,15938,25798359,3117763,63116446,1841,4925.23,368.258,INDETERMINATE
maplesat_static_rnd_rep1_force0_2000_20_1,rnd,1,2000,20,1,0,php17,6394,3670631,4076973,174436404,282963057,420,18286,15292660,2350177,70684881,1931,4923.05,384.961,INDETERMINATE
maplesat_static_rnd_rep1_force0_2000_20_1,rnd,1,2000,20,1,0,php18,3999,2028744,2229115,75193984,168216067,344,1,7993,4931,40513027,1195,4921.33,271.795,INDETERMINATE
maplesat_static_rnd_rep1_force0_2000_20_1,rnd,1,2000,20,1,0,php19,6396,3674608,4041415,166927401,357820317,481,23021,33187017,3331597,76741898,1851,4928.99,468.248,INDETERMINATE
maplesat_static_rnd_rep1_force0_2000_20_1,rnd,1,2000,20,1,0,php20,6330,3649427,4012896,177230475,405127424,169,11464,20909906,2950100,79152006,2806,4921.65,321.145,INDETERMINATE
maplesat_static_rnd_rep1_force0_2000_20_1,rnd,1,2000,20,1,0,rand426_150,15,3182,3835,97545,25681,1,0,0,0,18603,11,0.066459,0.007433,UNSATISFIABLE
maplesat_static_rnd_rep1_force0_2000_20_1,rnd,1,2000,20,1,0,rand426_200,47,11256,13465,412445,109643,5,0,21,15,75542,12,0.311361,0.027706,UNSATISFIABLE
maplesat_static_rnd_rep1_force0_2000_20_1,rnd,1,2000,20,1,0,rand426_250,350,129897,151581,5677835,1604629,40,2,6058,3176,1081354,28,14.1798,0.937082,UNSATISFIABLE
maplesat_static_rnd_rep1_force0_2000_20_1,rnd,1,2000,20,1,0,rand426_300,893,374722,435261,20797653,5242541,103,1,54409,29705,3448070,44,62.1421,5.13817,UNSATISFIABLE
maplesat_static_rnd_rep1_force0_2000_20_1,rnd,1,2000,20,1,0,rand426_350,2506,1296887,1497666,91543277,19975124,282,1,214566,102771,12905563,172,581.36,45.2833,UNSATISFIABLE
maplesat_static_rnd_rep1_force1_2000_20_1,rnd,1,2000,20,1,1,verification/zipcpu-busdelay-p46.aig_unroll20_maplesat_preprocess,85,23535,36194,2114414,571616,10,27,2767,1405,237240,12,1.31485,0.109508,UNSATISFIABLE
maplesat_static_rnd_rep1_force1_2000_20_1,rnd,1,2000,20,1,1,verification/zipcpu-busdelay-p36.aig_unroll22_maplesat_preprocess,255,90621,134943,7901357,2484294,23,90,7043,3877,1095245,24,10.4591,0.69715,UNSATISFIABLE
maplesat_static_rnd_rep1_force1_2000_20_1,rnd,1,2000,20,1,1,verification/VexRiscv-regch0-20-p1.aig_unroll22_maplesat_preprocess,1019,413499,5032865,164453092,9963388,60,2356,3852,1552,5122795,97,90.2985,6.79694,UNSATISFIABLE
maplesat_static_rnd_rep1_force1_2000_20_1,rnd,1,2000,20,1,1,verification/dspfilters_fastfir_second-p07.aig_unroll20_maplesat_preprocess,127,42298,164673,146292609,995800,12,76,3301,1562,400943,55,53.2244,0.623631,UNSATISFIABLE
maplesat_static_rnd_rep1_force1_2000_20_1,rnd,1,2000,20,1,1,verification/dspfilters_fastfir_second-p45.aig_unroll22_maplesat_preprocess,1830,855394,3658993,2813867392,52774873,45,5473,95014,33233,12865039,414,1282.01,37.4621,UNSATISFIABLE
maplesat_static_rnd_rep1_force1_2000_20_1,rnd,1,2000,20,1,1,php08,31,7077,8137,96654,100987,3,11,2410,1115,51811,11,0.161783,0.018884,UNSATISFIABLE
maplesat_static_rnd_rep1_force1_2000_20_1,rnd,1,2000,20,1,1,php09,125,33798,37589,452317,637886,14,82,35547,11121,289482,14,2.15652,0.15065,UNSATISFIABLE
maplesat_static_rnd_rep1_force1_2000_20_1,rnd,1,2000,20,1,1,php10,413,154869,170548,2441822,3625738,47,1084,421171,96970,1598512,42,37.5608,1.44009,UNSATISFIABLE
maplesat_static_rnd_rep1_force1_2000_20_1,rnd,1,2000,20,1,1,php11,1661,785620,862027,18790775,24363970,127,9838,3146927,640913,9300762,218,792.77,21.0068,UNSATISFIABLE
maplesat_static_rnd_rep1_force1_2000_20_1,rnd,1,2000,20,1,1,php12,3506,1801748,1977788,77651676,66191579,204,21458,5278240,1300659,24191585,559,4935.46,118.634,INDETERMINATE
maplesat_static_rnd_rep1_force1_2000_20_1,rnd,1,2000,20,1,1,php13,3739,1925231,2139070,89989814,87735745,234,28046,4561767,1307155,30223196,816,4934.65,131.977,INDETERMINATE
maplesat_static_rnd_rep1_force1_2000_20_1,rnd,1,2000,20,1,1,php14,4094,2217649,2477565,114606718,115074956,269,37016,5410889,1559276,38099729,857,4934.55,159.752,INDETERMINATE
maplesat_static_rnd_rep1_force1_2000_20_1,rnd,1,2000,20,1,1,php15,4427,2587149,2920254,135899097,165798321,307,40016,5923646,1726403,50336878,1269,4930.8,208.381,INDETERMINATE
maplesat_static_rnd_rep1_force1_2000_20_1,rnd,1,2000,20,1,1,php16,5117,2907348,3301734,157425357,215878834,344,43557,6358727,1982631,61691216,1284,4931.52,279.278,INDETERMINATE
maplesat_static_rnd_rep1_force1_2000_20_1,rnd,1,2000,20,1,1,php17,6142,3531647,4023841,218410988,282974290,403,50777,7549160,2350315,74996881,1924,4929.19,391.525,INDETERMINATE
maplesat_static_rnd_rep1_force1_2000_20_1,rnd,1,2000,20,1,1,php18,7417,4182907,4770250,291024110,367427472,475,62603,8551433,2691919,92738871,2009,4926.49,482.982,INDETERMINATE
maplesat_static_rnd_rep1_force1_2000_20_1,rnd,1,2000,20,1,1,php19,7889,4404082,5027809,289709510,436485608,526,56069,9410279,2918559,99093678,2934,4916.96,605.757,INDETERMINATE
maplesat_static_rnd_rep1_force1_2000_20_1,rnd,1,2000,20,1,1,php20,8191,5112812,5735639,330206250,527461832,172,43991,8673659,2772472,120264310,2868,4923.39,511.547,INDETERMINATE
maplesat_static_rnd_rep1_force1_2000_20_1,rnd,1,2000,20,1,1,rand426_150,19,3685,4472,111887,30273,1,3,663,384,21434,11,0.064108,0.006567,UNSATISFIABLE
maplesat_static_rnd_rep1_force1_2000_20_1,rnd,1,2000,20,1,1,rand426_200,61,14164,16872,509739,145998,6,33,3112,1071,98468,12,0.436308,0.038279,UNSATISFIABLE
maplesat_static_rnd_rep1_force1_2000_20_1,rnd,1,2000,20,1,1,rand426_250,476,173978,202116,7633388,2318581,57,454,99004,35867,1497136,38,27.1943,1.62166,UNSATISFIABLE
maplesat_static_rnd_rep1_force1_2000_20_1,rnd,1,2000,20,1,1,rand426_300,4094,2205314,2459111,188575853,41932269,200,36953,11772298,1769356,21891285,515,2707.77,94.0195,UNSATISFIABLE
maplesat_static_rnd_rep1_force1_2000_20_1,rnd,1,2000,20,1,1,rand426_350,4206,2491496,2877089,210624660,51241445,284,42864,5794426,1561528,30239460,506,4932.95,199.573,INDETERMINATE
maplesat_static_sub_rep0_force0_2000_100_10,sub,0,2000,100,10,0,verification/zipcpu-busdelay-p46.aig_unroll20_maplesat_preprocess,94,25708,40079,2692670,683081,1,0,0,0,279199,13,2.61454,1.15437,UNSATISFIABLE
maplesat_static_sub_rep0_force0_2000_100_10,sub,0,2000,100,10,0,verification/zipcpu-busdelay-p36.aig_unroll22_maplesat_preprocess,239,75724,116734,7823553,2140178,2,0,0,0,936053,23,12.3614,5.47956,UNSATISFIABLE
maplesat_static_sub_rep0_force0_2000_100_10,sub,0,2000,100,10,0,verification/VexRiscv-regch0-20-p1.aig_unroll22_maplesat_preprocess,968,399108,5077020,170335937,9807000,6,0,0,0,4968571,141,213.263,134.162,UNSATISFIABLE
maplesat_static_sub_rep0_force0_2000_100_10,sub,0,2000,100,10,0,verification/dspfilters_fastfir_second-p07.aig_unroll20_maplesat_preprocess,148,48801,170824,178080379,1199914,1,0,0,0,471751,66,51.0659,4.83855,UNSATISFIABLE
maplesat_static_sub_rep0_force0_2000_100_10,sub,0,2000,100,10,0,verification/dspfilters_fastfir_second-p45.aig_unroll22_maplesat_preprocess,1916,887843,4303195,2744003351,56992483,29,0,0,0,13150132,314,915.942,133.085,UNSATISFIABLE
maplesat_static_sub_rep0_force0_2000_100_10,sub,0,2000,100,10,0,php08,31,7017,8017,94880,99271,0,0,0,0,50787,11,0.16495,0.006146,UNSATISFIABLE
maplesat_static_sub_rep0_force0_2000_100_10,sub,0,2000,100,10,0,php09,109,29912,33473,404796,533822,0,0,0,0,266410,13,1.2862,0.047561,UNSATISFIABLE
maplesat_static_sub_rep0_force0_2000_100_10,sub,0,2000,100,10,0,php10,205,67247,74335,846008,1509059,0,0,0,0,697143,24,5.23652,0.145953,UNSATISFIABLE
maplesat_static_sub_rep0_force0_2000_100_10,sub,0,2000,100,10,0,php11,511,209262,230814,3109991,5868896,0,0,0,0,2441466,63,56.926,1.40416,UNSATISFIABLE
maplesat_static_sub_rep0_force0_2000_100_10,sub,0,2000,100,10,0,php12,1021,434257,474962,5748425,15099994,0,0,0,0,5746534,154,193.194,6.51385,UNSATISFIABLE
maplesat_static_sub_rep0_force0_2000_100_10,sub,0,2000,100,10,0,php13,2557,1326905,1436432,17667423,50986048,0,0,0,0,19658914,397,784.626,42.3819,UNSATISFIABLE
maplesat_static_sub_rep0_force0_2000_100_10,sub,0,2000,100,10,0,php14,5345,3048131,3311442,39918248,127385149,0,0,0,0,51407252,893,2943.12,226.085,UNSATISFIABLE
maplesat_static_sub_rep0_force0_2000_100_10,sub,0,2000,100,10,0,php15,5801,3261134,3556101,50325167,152305077,0,0,0,0,56914165,1267,4939.29,321.682,INDETERMINATE
maplesat_static_sub_rep0_force0_2000_100_10,sub,0,2000,100,10,0,php16,5562,3138416,3444277,55939882,218586042,0,0,0,0,54433312,1262,4943.31,330.631,INDETERMINATE
maplesat_static_sub_rep0_force0_2000_100_10,sub,0,2000,100,10,0,php17,5117,2920130,3230427,54106553,209622917,0,0,0,0,54566167,1455,4938.45,264.605,INDETERMINATE
maplesat_static_sub_rep0_force0_2000_100_10,sub,0,2000,100,10,0,php18,6141,3442639,3778674,61818326,271545707,0,0,0,0,69087297,1862,4936.58,401.32,INDETERMINATE
maplesat_static_sub_rep0_force0_2000_100_10,sub,0,2000,100,10,0,php19,6010,3345073,3652600,67243351,303690110,0,0,0,0,68547620,1792,4915.25,384.608,INDETERMINATE
maplesat_static_sub_rep0_force0_2000_100_10,sub,0,2000,100,10,0,php20,4222,2501767,2737229,54320624,253305343,2,0,0,0,54071475,1791,4940.81,497.642,INDETERMINATE
maplesat_static_sub_rep0_force0_2000_100_10,sub,0,2000,100,10,0,rand426_150,22,4315,5175,129345,35556,2,0,0,0,25280,11,0.075925,0.003565,UNSATISFIABLE
maplesat_static_sub_rep0_force0_2000_100_10,sub,0,2000,100,10,0,rand426_200,49,11586,13945,416693,114958,0,0,0,0,78429,11,0.333361,0.012983,UNSATISFIABLE
maplesat_static_sub_rep0_force0_2000_100_10,sub,0,2000,100,10,0,rand426_250,318,121130,141309,5205388,1515306,2,0,0,0,1025089,26,12.9863,0.551164,UNSATISFIABLE
maplesat_static_sub_rep0_force0_2000_100_10,sub,0,2000,100,10,0,rand426_300,970,399733,463502,18824862,5556422,0,0,0,0,3666400,42,68.9789,3.60141,UNSATISFIABLE
maplesat_static_sub_rep0_force0_2000_100_10,sub,0,2000,100,10,0,rand426_350,2813,1461304,1683860,75323371,22584474,1,0,0,0,14693265,156,1448.76,54.8902,UNSATISFIABLE
maplesat_static_sub_rep0_force1_2000_100_10,sub,0,2000,100,10,1,verification/zipcpu-busdelay-p46.aig_unroll20_maplesat_preprocess,94,26587,40606,2709705,709797,1,207,4205,1885,283111,13,2.64895,1.19536,UNSATISFIABLE
maplesat_static_sub_rep0_force1_2000_100_10,sub,0,2000,100,10,1,verification/zipcpu-busdelay-p36.aig_unroll22_maplesat_preprocess,255,95297,141859,9507236,2764574,2,663,8205,3782,1089040,31,14.0729,5.20378,UNSATISFIABLE
maplesat_static_sub_rep0_force1_2000_100_10,sub,0,2000,100,10,1,verification/VexRiscv-regch0-20-p1.aig_unroll22_maplesat_preprocess,1021,434360,5208573,172091969,10189337,3,2799,9573,4514,5267665,140,195.953,129.746,UNSATISFIABLE
maplesat_static_sub_rep0_force1_2000_100_10,sub,0,2000,100,10,1,verification/dspfilters_fastfir_second-p07.aig_unroll20_maplesat_preprocess,141,46899,162217,168953893,1141025,1,115,1092,433,443105,56,46.2202,1.7182,UNSATISFIABLE
maplesat_static_sub_rep0_force1_2000_100_10,sub,0,2000,100,10,1,verification/dspfilters_fastfir_second-p45.aig_unroll22_maplesat_preprocess,2043,935279,4641382,2966772376,61345701,11,13748,39949,11745,13229771,354,1214.54,249.066,UNSATISFIABLE
maplesat_static_sub_rep0_force1_2000_100_10,sub,0,2000,100,10,1,php08,31,7017,8017,94880,99271,0,0,0,0,50787,11,0.166891,0.005922,UNSATISFIABLE
maplesat_static_sub_rep0_force1_2000_100_10,sub,0,2000,100,10,1,php09,109,29912,33473,404796,533822,0,0,0,0,266410,13,1.27555,0.045926,UNSATISFIABLE
maplesat_static_sub_rep0_force1_2000_100_10,sub,0,2000,100,10,1,php10,205,67247,74335,846008,1509059,0,0,0,0,697143,24,4.96599,0.14367,UNSATISFIABLE
maplesat_static_sub_rep0_force1_2000_100_10,sub,0,2000,100,10,1,php11,511,209262,230814,3109991,5868896,0,0,0,0,2441466,63,40.9586,1.33146,UNSATISFIABLE
maplesat_static_sub_rep0_force1_2000_100_10,sub,0,2000,100,10,1,php12,1021,434257,474962,5748425,15099994,0,0,0,0,5746534,154,176.394,6.47003,UNSATISFIABLE
maplesat_static_sub_rep0_force1_2000_100_10,sub,0,2000,100,10,1,php13,2557,1326905,1436432,17667423,50986048,0,0,0,0,19658914,397,884.242,45.3436,UNSATISFIABLE
maplesat_static_sub_rep0_force1_2000_100_10,sub,0,2000,100,10,1,php14,5345,3048131,3311442,39918248,127385149,0,0,0,0,51407252,893,3637.72,243.524,UNSATISFIABLE
maplesat_static_sub_rep0_force1_2000_100_10,sub,0,2000,100,10,1,php15,5883,3291984,3589422,50650965,153442168,0,0,0,0,57424883,1274,4941.19,335.657,INDETERMINATE
maplesat_static_sub_rep0_force1_2000_100_10,sub,0,2000,100,10,1,php16,5884,3307275,3630483,58871421,229991100,0,0,0,0,57294572,1855,4939.37,372.172,INDETERMINATE
maplesat_static_sub_rep0_force1_2000_100_10,sub,0,2000,100,10,1,php17,4987,2831522,3130741,52557899,204117407,0,0,0,0,52741882,1409,4939.39,259.238,INDETERMINATE
maplesat_static_sub_rep0_force1_2000_100_10,sub,0,2000,100,10,1,php18,5585,3146250,3452621,56890972,249440300,0,0,0,0,62708879,1827,4938.2,338.506,INDETERMINATE
maplesat_static_sub_rep0_force1_2000_100_10,sub,0,2000,100,10,1,php19,5310,3039396,3319434,61886828,274435411,0,0,0,0,62469127,1758,4937.28,309.665,INDETERMINATE
maplesat_static_sub_rep0_force1_2000_100_10,sub,0,2000,100,10,1,php20,5104,2872211,3166319,72273870,290999567,2,152,0,0,62744674,1810,4935.83,548.238,INDETERMINATE
maplesat_static_sub_rep0_force1_2000_100_10,sub,0,2000,100,10,1,rand426_150,22,4139,4929,122654,35499,4,8,917,421,25002,11,0.072252,0.003469,UNSATISFIABLE
maplesat_static_sub_rep0_force1_2000_100_10,sub,0,2000,100,10,1,rand426_200,49,11586,13945,416693,114958,0,0,0,0,78429,11,0.349204,0.013295,UNSATISFIABLE
maplesat_static_sub_rep0_force1_2000_100_10,sub,0,2000,100,10,1,rand426_250,380,136432,159851,5855586,1845809,2,246,59738,26440,1179860,32,19.5431,0.743339,UNSATISFIABLE
maplesat_static_sub_rep0_force1_2000_100_10,sub,0,2000,100,10,1,rand426_300,970,399733,463502,18824862,5556422,0,0,0,0,3666400,42,73.6751,3.73143,UNSATISFIABLE
maplesat_static_sub_rep0_force1_2000_100_10,sub,0,2000,100,10,1,rand426_350,2940,1500246,1731090,77230755,24671710,1,2214,48624,30840,15432366,156,887.267,53.9591,UNSATISFIABLE
maplesat_static_sub_rep1_force0_2000_100_10,sub,1,2000,100,10,0,verification/zipcpu-busdelay-p46.aig_unroll20_maplesat_preprocess,94,26642,41144,2714589,704693,1,0,0,0,272318,13,2.66545,1.24401,UNSATISFIABLE
maplesat_static_sub_rep1_force0_2000_100_10,sub,1,2000,100,10,0,verification/zipcpu-busdelay-p36.aig_unroll22_maplesat_preprocess,283,107618,160527,12621778,3390244,2,0,68,29,1453587,32,18.5291,5.90826,UNSATISFIABLE
maplesat_static_sub_rep1_force0_2000_100_10,sub,1,2000,100,10,0,verification/VexRiscv-regch0-20-p1.aig_unroll22_maplesat_preprocess,1020,416982,5121476,177796028,9951482,5,6,9131,7250,5169360,116,140.357,80.0217,UNSATISFIABLE
maplesat_static_sub_rep1_force0_2000_100_10,sub,1,2000,100,10,0,verification/dspfilters_fastfir_second-p07.aig_unroll20_maplesat_preprocess,138,46558,182336,166299000,1213836,1,0,0,0,459718,66,56.3739,1.86653,UNSATISFIABLE
maplesat_static_sub_rep1_force0_2000_100_10,sub,1,2000,100,10,0,verification/dspfilters_fastfir_second-p45.aig_unroll22_maplesat_preprocess,1958,900496,4234002,2848752968,59243302,27,1,159633,74502,13247967,293,1155.57,140.869,UNSATISFIABLE
maplesat_static_sub_rep1_force0_2000_100_10,sub,1,2000,100,10,0,php08,31,6665,7612,89749,96159,0,0,0,0,48877,11,0.164871,0.022235,UNSATISFIABLE
maplesat_static_sub_rep1_force0_2000_100_10,sub,1,2000,100,10,0,php09,100,27974,31085,335933,508363,0,0,0,0,244659,13,1.43562,0.129727,UNSATISFIABLE
maplesat_static_sub_rep1_force0_2000_100_10,sub,1,2000,100,10,0,php10,171,54764,60801,693092,1223436,0,0,0,0,560422,20,4.15514,0.298445,UNSATISFIABLE
maplesat_static_sub_rep1_force0_2000_100_10,sub,1,2000,100,10,0,php11,526,233823,255432,3122935,6582520,0,0,0,0,2903828,68,47.7933,2.64091,UNSATISFIABLE
maplesat_static_sub_rep1_force0_2000_100_10,sub,1,2000,100,10,0,php12,1434,665962,722888,7704161,20718985,0,0,0,0,9161049,217,181.693,11.7093,UNSATISFIABLE
maplesat_static_sub_rep1_force0_2000_100_10,sub,1,2000,100,10,0,php13,2113,1147957,1242742,15533558,43954225,0,0,0,0,17280388,375,853.689,39.3478,UNSATISFIABLE
maplesat_static_sub_rep1_force0_2000_100_10,sub,1,2000,100,10,0,php14,6652,3789667,4124504,51763805,162425022,0,0,0,0,63015017,904,4930.3,419.433,INDETERMINATE
maplesat_static_sub_rep1_force0_2000_100_10,sub,1,2000,100,10,0,php15,5245,3018719,3292475,44720905,167467102,0,0,0,0,52814853,1223,4926.56,316.617,INDETERMINATE
maplesat_static_sub_rep1_force0_2000_100_10,sub,1,2000,100,10,0,php16,5434,3091637,3380307,51211967,183473935,0,0,0,0,56234190,1294,4926.61,335.8,INDETERMINATE
maplesat_static_sub_rep1_force0_2000_100_10,sub,1,2000,100,10,0,php17,5629,3181865,3483604,59448071,217968377,0,0,0,0,58771892,1198,4924.93,375.376,INDETERMINATE
maplesat_static_sub_rep1_force0_2000_100_10,sub,1,2000,100,10,0,php18,4988,2834069,3121133,53227075,252091494,0,0,0,0,55185312,1763,4928.24,306.596,INDETERMINATE
maplesat_static_sub_rep1_force0_2000_100_10,sub,1,2000,100,10,0,php19,5116,2888818,3165064,58587936,270257496,0,0,0,0,58788575,1776,4927.09,341.037,INDETERMINATE
maplesat_static_sub_rep1_force0_2000_100_10,sub,1,2000,100,10,0,php20,3706,1907626,2112501,165631561,187347768,13,7372,4258467,806328,41745703,1149,4934.96,1697.88,INDETERMINATE
maplesat_static_sub_rep1_force0_2000_100_10,sub,1,2000,100,10,0,rand426_150,15,3182,3835,97609,25681,1,0,0,0,18603,11,0.05512,0.007434,UNSATISFIABLE
maplesat_static_sub_rep1_force0_2000_100_10,sub,1,2000,100,10,0,rand426_200,46,11232,13427,407889,109671,2,0,0,0,75561,12,0.357371,0.039005,UNSATISFIABLE
maplesat_static_sub_rep1_force0_2000_100_10,sub,1,2000,100,10,0,rand426_250,378,135287,157790,5859145,1656650,2,0,199,130,1109052,31,15.7416,1.08884,UNSATISFIABLE
maplesat_static_sub_rep1_force0_2000_100_10,sub,1,2000,100,10,0,rand426_300,875,363616,422817,17127682,5232648,1,0,33,18,3445957,43,73.2648,4.52045,UNSATISFIABLE
maplesat_static_sub_rep1_force0_2000_100_10,sub,1,2000,100,10,0,rand426_350,2714,1408888,1622259,70859921,21497009,1,0,0,0,13920418,121,688.937,39.8532,UNSATISFIABLE
maplesat_static_sub_rep1_force1_2000_100_10,sub,1,2000,100,10,1,verification/zipcpu-busdelay-p46.aig_unroll20_maplesat_preprocess,94,27122,42034,2622422,762384,2,231,5126,2584,288512,13,3.1585,1.64153,UNSATISFIABLE
maplesat_static_sub_rep1_force1_2000_100_10,sub,1,2000,100,10,1,verification/zipcpu-busdelay-p36.aig_unroll22_maplesat_preprocess,255,95657,141585,9521864,2788913,2,690,11369,4823,1163796,31,14.9123,5.21303,UNSATISFIABLE
maplesat_static_sub_rep1_force1_2000_100_10,sub,1,2000,100,10,1,verification/VexRiscv-regch0-20-p1.aig_unroll22_maplesat_preprocess,1021,428115,5144312,169769873,10157512,3,2662,12960,5686,5196381,142,184.469,123.646,UNSATISFIABLE
maplesat_static_sub_rep1_force1_2000_100_10,sub,1,2000,100,10,1,verification/dspfilters_fastfir_second-p07.aig_unroll20_maplesat_preprocess,142,47604,167052,171646771,1166585,1,136,478,259,445707,67,48.9748,3.81894,UNSATISFIABLE
maplesat_static_sub_rep1_force1_2000_100_10,sub,1,2000,100,10,1,verification/dspfilters_fastfir_second-p45.aig_unroll22_maplesat_preprocess,2044,938524,4765419,2919592310,62514299,17,11697,278735,129979,13353618,489,1170.11,269.949,UNSATISFIABLE
maplesat_static_sub_rep1_force1_2000_100_10,sub,1,2000,100,10,1,php08,31,6665,7612,89749,96159,0,0,0,0,48877,11,0.16321,0.020905,UNSATISFIABLE
maplesat_static_sub_rep1_force1_2000_100_10,sub,1,2000,100,10,1,php09,100,27974,31085,335933,508363,0,0,0,0,244659,13,1.4227,0.130881,UNSATISFIABLE
maplesat_static_sub_rep1_force1_2000_100_10,sub,1,2000,100,10,1,php10,171,54764,60801,693092,1223436,0,0,0,0,560422,20,4.12467,0.297406,UNSATISFIABLE
maplesat_static_sub_rep1_force1_2000_100_10,sub,1,2000,100,10,1,php11,526,233823,255432,3122935,6582520,0,0,0,0,2903828,68,46.8575,2.60802,UNSATISFIABLE
maplesat_static_sub_rep1_force1_2000_100_10,sub,1,2000,100,10,1,php12,1434,665962,722888,7704161,20718985,0,0,0,0,9161049,217,181.133,11.9158,UNSATISFIABLE
maplesat_static_sub_rep1_force1_2000_100_10,sub,1,2000,100,10,1,php13,2113,1147957,1242742,15533558,43954225,0,0,0,0,17280388,375,814.735,39.2906,UNSATISFIABLE
maplesat_static_sub_rep1_force1_2000_100_10,sub,1,2000,100,10,1,php14,7112,3990564,4341738,54035676,169546545,0,0,0,0,66477389,1262,4929.94,465.081,INDETERMINATE
maplesat_static_sub_rep1_force1_2000_100_10,sub,1,2000,100,10,1,php15,5884,3307941,3611818,48858006,181927725,0,0,0,0,57915248,1269,4929.06,390.916,INDETERMINATE
maplesat_static_sub_rep1_force1_2000_100_10,sub,1,2000,100,10,1,php16,4862,2795576,3055810,46250187,168078512,0,0,0,0,50976426,1255,4925.88,298.339,INDETERMINATE
maplesat_static_sub_rep1_force1_2000_100_10,sub,1,2000,100,10,1,php17,5117,2911530,3188433,54623387,199713972,0,0,0,0,53770320,1172,4924.48,339.207,INDETERMINATE
maplesat_static_sub_rep1_force1_2000_100_10,sub,1,2000,100,10,1,php18,4958,2823061,3108959,52995610,251053805,0,0,0,0,54981092,1761,4926.45,313.505,INDETERMINATE
maplesat_static_sub_rep1_force1_2000_100_10,sub,1,2000,100,10,1,php19,5114,2876079,3151376,58345554,269023634,0,0,0,0,58513320,1774,4925.23,337.527,INDETERMINATE
maplesat_static_sub_rep1_force1_2000_100_10,sub,1,2000,100,10,1,php20,4379,2570091,2826150,56282015,275797086,1,150,0,0,56598226,1747,4927.97,538.458,INDETERMINATE
maplesat_static_sub_rep1_force1_2000_100_10,sub,1,2000,100,10,1,rand426_150,18,3554,4326,108399,29558,1,3,592,348,20791,11,0.078643,0.010184,UNSATISFIABLE
maplesat_static_sub_rep1_force1_2000_100_10,sub,1,2000,100,10,1,rand426_200,49,11493,13716,416134,112786,2,3,161,111,77350,12,0.357336,0.037083,UNSATISFIABLE
maplesat_static_sub_rep1_force1_2000_100_10,sub,1,2000,100,10,1,rand426_250,338,125607,147196,5426899,1674310,2,277,51686,23269,1060999,31,13.5331,0.959754,UNSATISFIABLE
maplesat_static_sub_rep1_force1_2000_100_10,sub,1,2000,100,10,1,rand426_300,888,365676,425303,17223846,5299113,1,117,177,102,3472730,43,77.2078,4.52935,UNSATISFIABLE
maplesat_static_sub_rep1_force1_2000_100_10,sub,1,2000,100,10,1,rand426_350,2728,1413430,1627783,71071017,21652960,1,266,7432,5027,13968877,121,699.061,39.7838,UNSATISFIABLE
